md,normal_high,normal_low,normal_high_f,normal_low_f,record_high,record_high_year,record_high_years,record_low,record_low_year,record_low_years
01-01,38,24,37.9,23.9,67,1952,1952,-6,1968,1968
01-02,38,24,37.8,23.7,64,2000,2000,-13,1879,1879
01-03,38,24,37.6,23.5,64,1897,1897;1950,-20,1879,1879
01-04,38,23,37.5,23.3,67,1997,1997,-10,1879,1879
01-05,37,23,37.4,23.1,65,1997,1997;1998,-16,1884,1884
01-06,37,23,37.3,22.9,68,1946,1946,-20,1884,1884
01-07,37,23,37.2,22.8,68,2008,2008,-7,2014,2014
01-08,37,23,37.1,22.6,68,2008,2008,-9,1968,1968
01-09,37,22,37.0,22.4,65,2026,2026,-5,1979,1979
01-10,37,22,37.0,22.3,59,1890,1890;1975,-11,1982,1982
01-11,37,22,36.9,22.2,71,2020,2020,-11,1886,1886
01-12,37,22,36.8,22.0,67,1916,1916;2017,-13,1918,1918
01-13,37,22,36.8,21.9,69,2005,2005,-14,1977,1977
01-14,37,22,36.8,21.8,70,1932,1932,-14,1964,1964
01-15,37,22,36.7,21.7,64,1932,1932,-12,1893,1893
01-16,37,22,36.7,21.6,60,1949,1949,-13,1977,1977
01-17,37,22,36.7,21.5,64,2017,2017,-19,1977,1977
01-18,37,21,36.7,21.4,68,1996,1996,-17,1994,1994
01-19,37,21,36.7,21.4,67,1907,1907,-22,1994,1994
01-20,37,21,36.8,21.3,68,1906,1906,-19,1985,1985
01-21,37,21,36.8,21.3,72,1906,1906,-16,1984,1984;1985
01-22,37,21,36.8,21.3,71,1906,1906,-16,1936,1936
01-23,37,21,36.9,21.2,68,1967,1967,-15,1936,1936
01-24,37,21,36.9,21.2,66,1909,1909;1950,-15,1963,1963
01-25,37,21,37.0,21.3,74,1950,1950,-15,1884,1884
01-26,37,21,37.1,21.3,70,1950,1950,-9,1897,1897;1948
01-27,37,21,37.2,21.3,68,1916,1916,-8,1936,1936
01-28,37,21,37.3,21.4,66,1914,1914,-15,1963,1963
01-29,37,21,37.4,21.4,67,2013,2013,-13,1963,1963
01-30,38,22,37.5,21.5,65,2013,2013,-5,1966,1966
01-31,38,22,37.6,21.6,66,2002,2002,-9,2026,2026
02-01,38,22,37.8,21.7,66,1989,1989,-3,1936,1936;1978
02-02,38,22,37.9,21.8,64,1903,1903,-13,1951,1951
02-03,38,22,38.1,21.9,65,2025,2025,-10,1951,1951;1985
02-04,38,22,38.3,22.1,66,1890,1890,-9,1985,1985
02-05,38,22,38.4,22.2,64,1986,1986,-10,1918,1918
02-06,39,22,38.6,22.4,62,2008,2008,-11,1977,1977
02-07,39,23,38.8,22.5,62,2019,2019,-2,1977,1977
02-08,39,23,39.0,22.7,72,1937,1937,-13,1977,1977
02-09,39,23,39.2,22.9,72,2023,2023,-17,1899,1899
02-10,40,23,39.5,23.1,69,1932,1932,-20,1899,1899
02-11,40,23,39.7,23.3,74,1999,1999,-11,1885,1885
02-12,40,24,39.9,23.5,69,1984,1984,-8,1917,1917
02-13,40,24,40.2,23.7,68,1938,1938,-13,1899,1899
02-14,40,24,40.4,23.9,68,1918,1918,-8,1905,1905
02-15,41,24,40.7,24.1,72,2023,2023,-4,1978,1978
02-16,41,24,40.9,24.3,72,1883,1883,-5,1904,1904
02-17,41,25,41.2,24.6,67,1911,1911,-7,1979,1979
02-18,42,25,41.5,24.8,66,2017,2017,-7,1936,1936
02-19,42,25,41.8,25.1,70,1939,1939,-6,1936,1936
02-20,42,25,42.1,25.3,77,2018,2018,-9,1885,1885
02-21,42,26,42.4,25.6,71,1997,1997,-8,1885,1885
02-22,43,26,42.7,25.8,70,1930,1930,-8,1963,1963
02-23,43,26,43.0,26.1,73,2023,2023,-4,1885,1885
02-24,43,26,43.4,26.3,78,2017,2017,-11,2015,2015
02-25,44,27,43.7,26.6,74,2000,2000,-7,1900,1900
02-26,44,27,44.0,26.9,75,2000,2000,-10,1963,1963
02-27,44,27,44.4,27.1,71,1996,1996,-11,1963,1963
02-28,45,27,44.7,27.4,66,2024,2024,0,2015,2015
02-29,45,28,44.9,27.5,70,1976,1976;2012,0,1884,1884
03-01,45,28,45.1,27.7,75,2023,2023,-2,1967,1967
03-02,45,28,45.4,28.0,73,1992,1992,0,1980,1980
03-03,46,28,45.8,28.2,75,1974,1974,1,1980,1980
03-04,46,29,46.2,28.5,78,1976,1976,1,1943,1943
03-05,47,29,46.5,28.8,78,1983,1983,1,1978,1978
03-06,47,29,46.9,29.0,76,1973,1973;2026,2,1901,1901
03-07,47,29,47.3,29.3,77,1974,1974;1983;2009,4,1960,1960
03-08,48,30,47.7,29.6,80,1974,1974,-2,1960,1960
03-09,48,30,48.1,29.9,77,1974,1974,-6,1984,1984
03-10,49,30,48.5,30.2,79,2009,2009,2,1984,1984
03-11,49,31,48.9,30.5,76,1990,1990,8,1948,1948
03-12,49,31,49.3,30.7,75,1990,1990,1,1948,1948
03-13,50,31,49.7,31.0,78,1990,1990,5,1960,1960
03-14,50,31,50.1,31.3,79,2025,2025,8,1993,1993
03-15,51,32,50.5,31.6,79,1990,1990,4,1993,1993
03-16,51,32,51.0,31.9,79,1945,1945,4,1900,1900
03-17,51,32,51.4,32.2,75,2012,2012,0,1900,1900
03-18,52,33,51.8,32.5,77,1903,1903,9,1941,1941
03-19,52,33,52.3,32.8,78,2012,2012,8,1885,1885
03-20,53,33,52.7,33.1,84,2012,2012,1,1885,1885
03-21,53,33,53.1,33.4,85,2012,2012,8,1885,1885
03-22,54,34,53.6,33.7,86,2026,2026,6,1885,1885;1888
03-23,54,34,54.0,34.0,81,1907,1907,9,1885,1885
03-24,55,34,54.5,34.4,84,1910,1910,11,1974,1974
03-25,55,35,54.9,34.7,84,1929,1929,5,1974,1974
03-26,55,35,55.4,35.0,80,1907,1907,13,2001,2001
03-27,56,35,55.8,35.3,81,1910,1910;1950;2007,15,1894,1894;1955
03-28,56,36,56.3,35.7,83,1910,1910,15,1955,1955
03-29,57,36,56.7,36.0,83,1910,1910,14,1887,1887
03-30,57,36,57.2,36.3,82,1986,1986;1998,16,1887,1887;1915
03-31,58,37,57.6,36.7,83,1998,1998,9,1923,1923
04-01,58,37,58.1,37.0,81,2010,2010,15,1923,1923
04-02,59,37,58.5,37.4,84,2010,2010,20,1907,1907
04-03,59,38,59.0,37.7,80,2007,2007;2010,18,1879,1879
04-04,59,38,59.4,38.1,82,1986,1986,24,1936,1936;1964;1995
04-05,60,38,59.8,38.4,82,1947,1947;1988,15,1881,1881
04-06,60,39,60.3,38.8,84,2010,2010,19,1881,1881
04-07,61,39,60.7,39.1,85,1893,1893,14,1982,1982
04-08,61,40,61.2,39.5,83,1893,1893;2001,19,1972,1972
04-09,62,40,61.6,39.9,83,2001,2001;2013,18,1972,1972
04-10,62,40,62.0,40.2,84,2011,2011,20,1997,1997
04-11,62,41,62.4,40.6,88,1930,1930,23,1882,1882
04-12,63,41,62.9,41.0,86,1896,1896;1930,21,1976,1976
04-13,63,41,63.3,41.3,86,1941,1941,21,1920,1920
04-14,64,42,63.7,41.7,86,1883,1883,20,1950,1950
04-15,64,42,64.1,42.0,84,2010,2010;2026,22,1935,1935
04-16,65,42,64.5,42.4,86,1896,1896,22,1935,1935;1962
04-17,65,43,64.9,42.8,88,1896,1896,25,1962,1962
04-18,65,43,65.3,43.1,89,1896,1896,22,1953,1953
04-19,66,44,65.7,43.5,85,1958,1958;2002,21,1953,1953
04-20,66,44,66.0,43.8,85,1896,1896,22,1904,1904
04-21,66,44,66.4,44.2,86,1985,1985;1987,22,1953,1953
04-22,67,45,66.8,44.6,87,1985,1985,27,1978,1978
04-23,67,45,67.1,44.9,88,1960,1960,23,1986,1986
04-24,68,45,67.5,45.3,88,1960,1960,28,1930,1930;2015
04-25,68,46,67.8,45.6,90,1915,1915,25,1919,1919
04-26,68,46,68.2,45.9,89,1915,1915;1948,26,1972,1972
04-27,69,46,68.5,46.3,88,1986,1986;1990,28,1971,1971
04-28,69,47,68.8,46.6,85,1914,1914,28,1967,1967
04-29,69,47,69.2,47.0,86,1899,1899,28,1977,1977
04-30,70,47,69.5,47.3,89,1942,1942,30,1971,1971
05-01,70,48,69.8,47.6,88,1942,1942,30,1963,1963;1978
05-02,70,48,70.1,48.0,88,1959,1959,30,1963,1963;1994
05-03,70,48,70.4,48.3,89,1959,1959,30,1978,1978
05-04,71,49,70.7,48.6,89,1895,1895;1902;1949;1955,31,1966,1966;1986;2005
05-05,71,49,71.0,48.9,92,1895,1895;1952,32,1979,1979
05-06,71,49,71.3,49.2,91,1959,1959,29,1968,1968
05-07,72,50,71.6,49.6,88,2015,2015,31,1974,1974
05-08,72,50,71.9,49.9,89,1936,1936,31,1954,1954
05-09,72,50,72.2,50.2,93,1896,1896,30,1947,1947;1966;1983;2020
05-10,72,51,72.4,50.5,94,1936,1936,25,1966,1966
05-11,73,51,72.7,50.8,92,1896,1896,33,1966,1966;1997
05-12,73,51,73.0,51.1,90,1881,1881,31,2020,2020
05-13,73,52,73.3,51.5,88,1956,1956;1962;1982;2014,34,1996,1996;2020
05-14,74,52,73.6,51.8,91,1962,1962;1991,34,1920,1920;1996
05-15,74,52,73.8,52.1,92,1991,1991,36,1984,1984
05-16,74,52,74.1,52.4,91,1900,1900,32,1959,1959;2016
05-17,74,53,74.4,52.7,92,1900,1900,34,1891,1891
05-18,75,53,74.7,53.0,93,1962,1962,34,1973,1973
05-19,75,53,74.9,53.3,92,1964,1964,34,2002,2002
05-20,75,54,75.2,53.6,91,1962,1962,36,1894,1894;1929
05-21,76,54,75.5,54.0,92,1941,1941,34,1883,1883
05-22,76,54,75.8,54.3,93,1941,1941,33,2002,2002
05-23,76,55,76.1,54.6,90,1939,1939,34,1963,1963
05-24,76,55,76.3,54.9,90,1880,1880;1975,36,1925,1925;1956
05-25,77,55,76.6,55.2,93,1975,1975,33,1925,1925
05-26,77,56,76.9,55.6,94,1911,1911,37,1969,1969
05-27,77,56,77.2,55.9,94,1911,1911,34,1961,1961
05-28,78,56,77.5,56.2,94,1911,1911,36,1907,1907;1971
05-29,78,57,77.8,56.5,94,1914,1914,38,1949,1949
05-30,78,57,78.0,56.9,95,1895,1895,36,1961,1961;1984
05-31,78,57,78.3,57.2,96,1895,1895,38,1984,1984
06-01,79,58,78.6,57.5,96,1895,1895;1934,41,1894,1894;1910
06-02,79,58,78.9,57.8,96,1895,1895,39,1966,1966
06-03,79,58,79.2,58.1,99,1895,1895,41,1929,1929
06-04,79,59,79.4,58.5,97,1895,1895,41,1988,1988
06-05,80,59,79.7,58.8,95,1899,1899;1925,39,1990,1990
06-06,80,59,80.0,59.1,95,1925,1925,43,1894,1894;1945;1993
06-07,80,59,80.3,59.4,95,1933,1933,39,1977,1977
06-08,81,60,80.5,59.7,98,1933,1933,40,1977,1977
06-09,81,60,80.8,60.0,95,1999,1999,39,1913,1913
06-10,81,60,81.1,60.3,98,1911,1911,41,1988,1988
06-11,81,61,81.3,60.6,95,1914,1914;1933;2016,35,1972,1972
06-12,82,61,81.6,60.9,94,1894,1894;1902;1954,43,1980,1980
06-13,82,61,81.8,61.2,95,1956,1956,46,1903,1903
06-14,82,62,82.1,61.5,94,1994,1994,44,1959,1959
06-15,82,62,82.3,61.7,96,1897,1897,47,1933,1933;1959
06-16,83,62,82.6,62.0,96,1957,1957,43,1917,1917;1969
06-17,83,62,82.8,62.3,97,1936,1936;1957;1994,44,1980,1980
06-18,83,63,83.0,62.5,99,1944,1944,47,1959,1959;1965;1986
06-19,83,63,83.2,62.7,98,1994,1994,47,1959,1959
06-20,83,63,83.4,63.0,97,1888,1888;1994,45,1914,1914
06-21,84,63,83.6,63.2,98,1988,1988,46,1897,1897;1963;1992
06-22,84,63,83.8,63.4,97,1888,1888;1988;2022,41,1992,1992
06-23,84,64,84.0,63.6,96,1948,1948,44,1918,1918
06-24,84,64,84.1,63.8,97,1914,1914,46,1982,1982
06-25,84,64,84.3,64.0,101,1988,1988,43,1979,1979
06-26,84,64,84.4,64.2,100,1952,1952,48,1960,1960;1961
06-27,85,64,84.6,64.3,101,1944,1944,45,1981,1981
06-28,85,65,84.7,64.5,102,1944,1944,48,1950,1950
06-29,85,65,84.8,64.6,100,1934,1934,48,1923,1923
06-30,85,65,84.9,64.7,99,1901,1901,47,1988,1988
07-01,85,65,85.0,64.9,98,1901,1901;1953,44,1988,1988
07-02,85,65,85.1,65.0,98,1898,1898;1911,48,1988,1988
07-03,85,65,85.2,65.1,101,1897,1897;1911,50,1907,1907;1924
07-04,85,65,85.3,65.2,104,1911,1911,47,1968,1968
07-05,85,65,85.4,65.2,98,2012,2012,49,1963,1963;1972
07-06,85,65,85.4,65.3,101,2012,2012,43,1972,1972
07-07,86,65,85.5,65.4,101,2012,2012,48,1972,1972;1983
07-08,86,65,85.5,65.4,102,1936,1936,49,1984,1984
07-09,86,66,85.5,65.5,105,1936,1936,49,1963,1963
07-10,86,66,85.6,65.5,103,1881,1881,45,1963,1963
07-11,86,66,85.6,65.5,104,1936,1936,50,1963,1963
07-12,86,66,85.6,65.6,103,1936,1936,51,1973,1973
07-13,86,66,85.6,65.6,101,1936,1936,50,1940,1940
07-14,86,66,85.6,65.6,106,1936,1936,47,1950,1950
07-15,86,66,85.6,65.6,100,1988,1988,49,1930,1930
07-16,86,66,85.6,65.6,100,1988,1988,52,1957,1957;1967
07-17,86,66,85.6,65.6,100,1887,1887,52,1896,1896
07-18,86,66,85.5,65.6,99,1887,1887,53,1976,1976
07-19,86,66,85.5,65.6,98,1930,1930,50,1979,1979
07-20,86,66,85.5,65.6,101,1930,1930;1934,50,1929,1929
07-21,86,66,85.5,65.5,106,1934,1934,48,1970,1970
07-22,85,66,85.4,65.5,104,1901,1901,50,1966,1966
07-23,85,66,85.4,65.5,99,1933,1933,51,1981,1981
07-24,85,66,85.4,65.5,102,1934,1934,53,1985,1985
07-25,85,65,85.3,65.4,104,1934,1934,52,1911,1911
07-26,85,65,85.3,65.4,102,1934,1934,52,1911,1911
07-27,85,65,85.3,65.4,102,1936,1936,45,1962,1962
07-28,85,65,85.2,65.3,100,1952,1952,50,1962,1962
07-29,85,65,85.2,65.3,98,1940,1940,51,1968,1968
07-30,85,65,85.2,65.2,99,1940,1940,49,1981,1981
07-31,85,65,85.1,65.2,100,1999,1999,52,1895,1895
08-01,85,65,85.1,65.2,97,1955,1955,48,1952,1952
08-02,85,65,85.0,65.1,99,1991,1991,50,1976,1976
08-03,85,65,85.0,65.1,100,1955,1955,45,1965,1965
08-04,85,65,85.0,65.0,99,1955,1955,49,1912,1912;1950
08-05,85,65,84.9,65.0,103,1918,1918,46,1951,1951
08-06,85,65,84.9,64.9,102,1918,1918,48,1948,1948
08-07,85,65,84.8,64.9,98,1918,1918,51,1889,1889;1902;1957;1990;1994
08-08,85,65,84.8,64.8,96,2007,2007;2012,46,1989,1989
08-09,85,65,84.7,64.7,98,1930,1930,51,1922,1922;1972;1989
08-10,85,65,84.7,64.7,98,1911,1911;1944,45,1972,1972
08-11,85,65,84.6,64.6,96,1926,1926;1944,48,1967,1967
08-12,85,65,84.6,64.5,97,1881,1881,45,1967,1967
08-13,85,65,84.5,64.5,98,1936,1936,48,1967,1967
08-14,84,64,84.4,64.4,96,1944,1944;1959,45,1964,1964
08-15,84,64,84.4,64.3,95,1944,1944,43,1964,1964
08-16,84,64,84.3,64.2,96,1913,1913,46,1964,1964;1979
08-17,84,64,84.2,64.1,97,1988,1988,48,1981,1981
08-18,84,64,84.1,64.0,94,1916,1916;1922;1940;2019,48,1953,1953;1962
08-19,84,64,84.1,63.8,101,1936,1936,49,1953,1953;1964;1977
08-20,84,64,84.0,63.7,101,1983,1983,50,1949,1949;1977
08-21,84,64,83.9,63.6,99,1936,1936,44,1950,1950
08-22,84,63,83.7,63.4,98,1936,1936,46,1950,1950;1982
08-23,84,63,83.6,63.3,95,1936,1936;1959;2007,46,1952,1952
08-24,84,63,83.5,63.1,96,2007,2007,47,1951,1951;1971
08-25,83,63,83.4,62.9,99,1959,1959,46,1887,1887
08-26,83,63,83.2,62.7,98,1948,1948,48,1958,1958
08-27,83,63,83.1,62.5,100,1948,1948,46,1968,1968
08-28,83,62,82.9,62.3,97,1948,1948;2024,44,1887,1887
08-29,83,62,82.7,62.1,98,1953,1953,39,1965,1965
08-30,83,62,82.6,61.9,100,1953,1953,45,1976,1976
08-31,82,62,82.4,61.7,98,1951,1951;1953,43,1915,1915
09-01,82,61,82.2,61.4,99,1932,1932;1953,42,1967,1967
09-02,82,61,82.0,61.2,100,1953,1953,43,1967,1967
09-03,82,61,81.7,60.9,99,1953,1953,46,1893,1893;1946;1967
09-04,82,61,81.5,60.6,96,1953,1953,44,1997,1997
09-05,81,60,81.3,60.3,99,1954,1954,45,1902,1902;1950
09-06,81,60,81.0,60.0,99,1954,1954,40,1984,1984
09-07,81,60,80.7,59.7,98,1939,1939,40,1988,1988
09-08,81,59,80.5,59.4,98,1939,1939,39,1951,1951
09-09,80,59,80.2,59.0,95,1897,1897;1939,39,1883,1883
09-10,80,59,79.9,58.7,96,1897,1897;1964;1983,41,1924,1924
09-11,80,58,79.6,58.4,96,1895,1895,39,1917,1917
09-12,79,58,79.3,58.0,96,1897,1897,44,1898,1898;1954;1955;1967;1985
09-13,79,58,78.9,57.6,95,1897,1897;1939,38,1964,1964
09-14,79,57,78.6,57.3,98,1939,1939,38,1902,1902;1953;1975
09-15,78,57,78.3,56.9,97,1897,1897;1939,40,1923,1923
09-16,78,57,77.9,56.5,96,1897,1897;1939,40,1916,1916
09-17,78,56,77.6,56.1,94,1955,1955,37,1959,1959
09-18,77,56,77.2,55.7,95,1895,1895;1955,34,1959,1959
09-19,77,55,76.8,55.3,97,1895,1895,40,1901,1901;1916;1929
09-20,76,55,76.4,54.9,97,1895,1895,37,1956,1956
09-21,76,55,76.1,54.5,96,1895,1895,31,1962,1962
09-22,76,54,75.7,54.1,95,1895,1895,37,1974,1974;1995
09-23,75,54,75.3,53.7,93,2010,2010,33,1995,1995
09-24,75,53,74.9,53.3,92,1908,1908;1961;2007;2010,35,1950,1950;1981;1983
09-25,75,53,74.5,52.9,93,1900,1900,33,1950,1950;1967
09-26,74,53,74.1,52.5,92,1998,1998;2017,35,1928,1928;1950
09-27,74,52,73.7,52.1,92,2017,2017,36,1991,1991
09-28,73,52,73.2,51.7,92,1959,1959,36,1942,1942
09-29,73,51,72.8,51.3,96,1953,1953,32,1961,1961
09-30,72,51,72.4,50.9,92,1953,1953;2019,31,1963,1963
10-01,72,51,72.0,50.5,94,2019,2019,30,1899,1899
10-02,72,50,71.6,50.0,94,2019,2019,32,1886,1886;1908;1974
10-03,71,50,71.1,49.6,93,2019,2019,31,1888,1888
10-04,71,49,70.7,49.2,89,1951,1951;1959,29,1987,1987
10-05,70,49,70.3,48.8,90,1951,1951,31,1968,1968
10-06,70,49,69.8,48.5,89,2007,2007,30,1892,1892;1980
10-07,69,48,69.4,48.1,91,2007,2007,29,1952,1952
10-08,69,48,69.0,47.7,90,2007,2007,29,1889,1889
10-09,69,47,68.5,47.3,88,1939,1939,29,1951,1951;1989
10-10,68,47,68.1,46.9,87,1949,1949;2010,29,1925,1925
10-11,68,47,67.7,46.5,86,1928,1928,24,1964,1964
10-12,67,46,67.2,46.1,84,1928,1928;1938,27,1964,1964
10-13,67,46,66.8,45.8,85,1969,1969,28,1988,1988
10-14,66,45,66.4,45.4,86,1897,1897;2021,28,1988,1988
10-15,66,45,65.9,45.0,90,1897,1897,30,1894,1894
10-16,66,45,65.5,44.7,88,1897,1897,31,1970,1970
10-17,65,44,65.1,44.3,83,1968,1968,26,1977,1977
10-18,65,44,64.6,44.0,83,1938,1938;2016,25,1976,1976
10-19,64,44,64.2,43.6,85,1953,1953,25,1896,1896
10-20,64,43,63.8,43.3,84,1953,1953,24,1952,1952;1972
10-21,63,43,63.3,42.9,83,1953,1953,17,1952,1952
10-22,63,43,62.9,42.6,83,1947,1947,24,1952,1952
10-23,63,42,62.5,42.2,83,1947,1947,23,1969,1969
10-24,62,42,62.0,41.9,82,1963,1963,21,1981,1981
10-25,62,42,61.6,41.5,81,1963,1963,23,1960,1960
10-26,61,41,61.2,41.2,83,1963,1963,23,1962,1962
10-27,61,41,60.7,40.9,81,1963,1963,20,1962,1962
10-28,60,41,60.3,40.6,81,1927,1927,21,1976,1976
10-29,60,40,59.9,40.2,80,1900,1900;1922,21,1925,1925
10-30,59,40,59.4,39.9,80,1927,1927,20,1895,1895
10-31,59,40,59.0,39.6,83,1950,1950,20,1887,1887
11-01,59,39,58.5,39.3,80,1950,1950;2016,24,1878,1878;1949
11-02,58,39,58.1,38.9,79,1987,1987;2016,25,1879,1879;1895;1905;1954
11-03,58,39,57.7,38.6,80,1987,1987,20,1991,1991
11-04,57,38,57.2,38.3,78,1987,1987,18,1991,1991
11-05,57,38,56.8,38.0,79,2024,2024,14,1991,1991
11-06,56,38,56.4,37.7,77,1975,1975,20,1953,1953
11-07,56,37,55.9,37.4,78,1938,1938,20,1971,1971
11-08,56,37,55.5,37.1,78,2020,2020,13,1971,1971
11-09,55,37,55.0,36.8,76,1975,1975;2020,17,1995,1995
11-10,55,37,54.6,36.5,78,2020,2020,19,1957,1957
11-11,54,36,54.2,36.2,74,1915,1915;1927,20,1957,1957
11-12,54,36,53.7,35.9,75,1949,1949,15,2019,2019
11-13,53,36,53.3,35.6,74,1955,1955,11,2019,2019
11-14,53,35,52.9,35.3,74,1909,1909,12,1986,1986
11-15,52,35,52.4,35.0,71,1953,1953;1956;1960;1964;1971,15,1883,1883;1916
11-16,52,35,52.0,34.8,72,1931,1931;1953,12,1883,1883
11-17,52,35,51.6,34.5,76,1958,1958,13,1959,1959
11-18,51,34,51.2,34.2,75,2016,2016,10,1880,1880
11-19,51,34,50.7,33.9,73,1985,1985,-3,1880,1880
11-20,50,34,50.3,33.7,74,1931,1931;1942,11,1914,1914
11-21,50,33,49.9,33.4,73,1934,1934,5,1880,1880
11-22,50,33,49.5,33.1,74,1931,1931,-5,1880,1880
11-23,49,33,49.1,32.9,72,1931,1931,-1,1880,1880
11-24,49,33,48.7,32.6,68,1931,1931,8,1950,1950
11-25,48,32,48.3,32.3,68,1908,1908,5,1950,1950
11-26,48,32,47.9,32.1,70,1896,1896,7,1950,1950
11-27,48,32,47.5,31.8,75,1990,1990,3,1930,1930
11-28,47,32,47.1,31.6,71,2005,2005,7,1930,1930
11-29,47,31,46.7,31.3,70,1927,1927,3,1887,1887
11-30,46,31,46.4,31.1,71,1934,1934,-4,1958,1958
12-01,46,31,46.0,30.8,67,1970,1970,7,1964,1964
12-02,46,31,45.6,30.6,72,1982,1982,1,1886,1886
12-03,45,30,45.3,30.4,76,1982,1982,0,1966,1966
12-04,45,30,44.9,30.1,68,1982,1982,3,1966,1966
12-05,45,30,44.6,29.9,70,2001,2001,8,1976,1976
12-06,44,30,44.2,29.7,73,1998,1998,3,1977,1977
12-07,44,29,43.9,29.4,69,1998,1998,-1,1882,1882
12-08,44,29,43.6,29.2,69,1966,1966,-4,1882,1882
12-09,43,29,43.2,29.0,66,1952,1952,-8,1917,1917
12-10,43,29,42.9,28.7,72,1971,1971,-8,1917,1917;1958
12-11,43,29,42.6,28.5,66,1931,1931;2007,-9,1917,1917
12-12,42,28,42.3,28.3,68,2015,2015,-2,1962,1962
12-13,42,28,42.0,28.1,65,1901,1901,-7,1960,1960
12-14,42,28,41.8,27.8,65,1901,1901;1995;2015,-1,1898,1898
12-15,42,28,41.5,27.6,64,1948,1948;1971,-4,1901,1901;1914;1951;1958
12-16,41,27,41.2,27.4,64,1924,1924;1984,-14,1951,1951
12-17,41,27,40.9,27.1,67,1984,1984,-12,1989,1989
12-18,41,27,40.7,26.9,63,1967,1967,-7,1989,1989
12-19,40,27,40.4,26.7,61,1895,1895,-8,1884,1884
12-20,40,27,40.2,26.5,62,1895,1895,-10,1963,1963
12-21,40,26,40.0,26.2,69,2013,2013,-10,1989,1989
12-22,40,26,39.7,26.0,68,2013,2013,-17,1989,1989
12-23,40,26,39.5,25.8,65,2015,2015,-14,1989,1989
12-24,39,26,39.3,25.6,66,1889,1889,-12,1983,1983
12-25,39,25,39.1,25.4,64,1893,1893,-12,1983,1983
12-26,39,25,38.9,25.1,69,2016,2016,-5,1983,1983
12-27,39,25,38.7,24.9,68,2008,2008,-14,1950,1950
12-28,39,25,38.6,24.7,68,1984,1984;2025,-10,1950,1950
12-29,38,25,38.4,24.5,67,1889,1889,-10,1880,1880
12-30,38,24,38.2,24.3,65,2022,2022,-12,1880,1880
12-31,38,24,38.1,24.1,68,1951,1951,-5,1976,1976
