md,normal_high,normal_low,record_high,record_high_year,record_low,record_low_year
01-01,38,24,67,1952,-6,1968
01-02,38,24,64,2000,-4,2018
01-03,38,24,64,1950,-3,2018
01-04,38,23,67,1997,-1,1981
01-05,37,23,65,1998,-6,1959
01-06,37,23,60,1998,-7,2014
01-07,37,23,68,2008,-7,2014
01-08,37,23,68,2008,-9,1968
01-09,37,22,65,2026,-5,1979
01-10,37,22,59,1975,-11,1982
01-11,37,22,71,2020,-6,1982
01-12,37,22,67,2017,-8,1977
01-13,37,22,69,2005,-14,1977
01-14,37,22,66,1995,-14,1964
01-15,37,22,63,1950,-9,1972
01-16,37,22,60,1949,-13,1977
01-17,37,22,64,2017,-19,1977
01-18,37,21,68,1996,-17,1994
01-19,37,21,64,1949,-22,1994
01-20,37,21,62,1974,-19,1985
01-21,37,21,63,1959,-16,1985
01-22,37,21,70,1999,-7,1978
01-23,37,21,68,1967,-14,1963
01-24,37,21,66,1950,-15,1963
01-25,37,21,74,1950,-13,1961
01-26,37,21,70,1950,-9,1948
01-27,37,21,65,1999,-6,1955
01-28,37,21,65,2002,-15,1963
01-29,37,21,67,2013,-13,1963
01-30,38,22,65,2013,-5,1966
01-31,38,22,66,2002,-9,2026
02-01,38,22,66,1989,-3,1978
02-02,38,22,61,2020,-13,1951
02-03,38,22,65,2025,-10,1985
02-04,38,22,61,2019,-9,1985
02-05,38,22,64,1986,-5,1979
02-06,39,22,62,2008,-11,1977
02-07,39,22,62,2019,-2,1977
02-08,39,23,64,2024,-13,1977
02-09,39,23,72,2023,-10,1948
02-10,40,23,63,1993,-7,1982
02-11,40,23,74,1999,-2,1979
02-12,40,24,69,1984,-3,2014
02-13,40,24,66,1990,-5,1979
02-14,40,24,67,1950,2,2016
02-15,41,24,72,2023,-4,1978
02-16,41,24,66,1954,-2,2007
02-17,41,25,65,2017,-7,1979
02-18,42,25,66,2017,-2,1993
02-19,42,25,69,2018,-3,2015
02-20,42,25,77,2018,-8,2015
02-21,42,26,71,1997,-2,1963
02-22,43,26,67,2023,-8,1963
02-23,43,26,73,2023,-3,2015
02-24,43,26,78,2017,-11,2015
02-25,44,27,74,2000,-1,1967
02-26,44,27,75,2000,-10,1963
02-27,44,27,71,1996,-11,1963
02-28,45,27,66,2024,0,2015
02-29,45,28,70,2012,9,1980
03-01,45,28,75,2023,-2,1967
03-02,45,28,73,1992,-0,1980
03-03,46,28,75,1974,1,1980
03-04,46,28,78,1976,7,2014
03-05,46,29,78,1983,1,1978
03-06,47,29,76,2026,4,2015
03-07,47,29,77,2009,4,1960
03-08,48,30,80,1974,-2,1960
03-09,48,30,77,1974,-6,1984
03-10,48,30,79,2009,2,1984
03-11,49,30,76,1990,8,1948
03-12,49,31,75,1990,1,1948
03-13,50,31,78,1990,5,1960
03-14,50,31,79,2025,8,1993
03-15,50,32,79,1990,4,1993
03-16,51,32,74,1995,15,1970
03-17,51,32,75,2012,9,1956
03-18,52,32,75,2012,11,1967
03-19,52,33,78,2012,15,1965
03-20,53,33,84,2012,15,1951
03-21,53,33,85,2012,12,1986
03-22,54,34,86,2026,14,1959
03-23,54,34,77,2012,20,1992
03-24,54,34,76,2017,11,1974
03-25,55,35,78,2007,5,1974
03-26,55,35,79,2026,13,2001
03-27,56,35,81,2007,15,1955
03-28,56,36,79,1989,15,1955
03-29,57,36,82,1998,18,2015
03-30,57,36,82,1998,20,1969
03-31,58,37,83,1998,16,1969
04-01,58,37,81,2010,18,1964
04-02,58,37,84,2010,21,2021
04-03,59,38,80,2010,19,1965
04-04,59,38,82,1986,24,1995
04-05,60,38,82,1988,18,1995
04-06,60,39,84,2010,21,1982
04-07,61,39,83,1954,14,1982
04-08,61,40,83,2001,19,1972
04-09,62,40,83,2013,18,1972
04-10,62,40,84,2011,20,1997
04-11,62,41,83,1995,25,1989
04-12,63,41,83,2001,21,1976
04-13,63,41,83,1977,22,1950
04-14,64,42,84,2026,20,1950
04-15,64,42,84,2026,24,1957
04-16,64,42,85,2002,22,1962
04-17,65,43,83,2002,25,1962
04-18,65,43,86,2013,22,1953
04-19,66,44,85,2002,21,1953
04-20,66,44,84,2023,27,1988
04-21,66,44,86,1987,22,1953
04-22,67,45,87,1985,27,1978
04-23,67,45,88,1960,23,1986
04-24,68,45,88,1960,28,2015
04-25,68,46,88,1960,29,2023
04-26,68,46,89,1948,26,1972
04-27,68,46,88,1990,28,1971
04-28,69,47,84,1981,28,1967
04-29,69,47,84,2024,28,1977
04-30,70,47,87,1970,30,1971
05-01,70,48,87,2007,30,1978
05-02,70,48,88,1959,30,1994
05-03,70,48,89,1959,30,1978
05-04,71,49,89,1955,31,2005
05-05,71,49,92,1952,32,1979
05-06,71,49,91,1959,29,1968
05-07,72,50,88,2015,31,1974
05-08,72,50,88,2014,31,1954
05-09,72,50,90,1963,30,2020
05-10,72,50,89,1993,25,1966
05-11,73,51,88,1993,33,1997
05-12,73,51,88,2011,31,2020
05-13,73,52,88,2014,34,2020
05-14,74,52,91,1991,34,1996
05-15,74,52,92,1991,36,1984
05-16,74,52,90,1962,32,2016
05-17,74,53,91,1962,35,1984
05-18,75,53,93,1962,34,1973
05-19,75,53,92,1964,34,2002
05-20,75,54,91,1962,37,1981
05-21,76,54,90,1975,35,1954
05-22,76,54,89,1970,33,2002
05-23,76,55,89,2021,34,1963
05-24,76,55,90,1975,36,1956
05-25,77,55,93,1975,38,2013
05-26,77,56,91,2012,37,1969
05-27,77,56,93,2012,34,1961
05-28,78,56,93,2012,36,1971
05-29,78,56,92,1991,38,1949
05-30,78,57,93,1953,36,1984
05-31,78,57,93,2011,38,1984
06-01,79,58,92,1988,42,2020
06-02,79,58,95,1951,39,1966
06-03,79,58,94,2023,42,1977
06-04,79,58,93,2011,41,1988
06-05,80,59,92,1958,39,1990
06-06,80,59,94,1999,43,1993
06-07,80,59,92,2007,39,1977
06-08,80,60,94,2011,40,1977
06-09,81,60,95,1999,45,1988
06-10,81,60,96,1999,41,1988
06-11,81,61,95,2016,35,1972
06-12,82,61,94,1954,43,1980
06-13,82,61,95,1956,47,1995
06-14,82,62,94,1994,44,1959
06-15,82,62,94,2022,47,1959
06-16,83,62,96,1957,43,1969
06-17,83,62,97,1994,44,1980
06-18,83,62,98,1994,47,1986
06-19,83,63,98,1994,47,1959
06-20,83,63,97,1994,47,1982
06-21,84,63,98,1988,46,1992
06-22,84,63,97,2022,41,1992
06-23,84,64,96,1948,48,1972
06-24,84,64,95,2025,46,1982
06-25,84,64,101,1988,43,1979
06-26,84,64,100,1952,48,1961
06-27,85,64,96,1966,45,1981
06-28,85,64,100,2012,48,1950
06-29,85,65,99,1952,52,1956
06-30,85,65,98,1953,47,1988
07-01,85,65,98,1953,44,1988
07-02,85,65,97,1966,48,1988
07-03,85,65,97,2026,52,1988
07-04,85,65,100,2012,47,1968
07-05,85,65,98,2012,49,1972
07-06,85,65,101,2012,43,1972
07-07,86,65,101,2012,48,1983
07-08,86,65,100,1988,49,1984
07-09,86,66,100,1988,49,1963
07-10,86,66,94,1988,45,1963
07-11,86,66,94,1989,50,1963
07-12,86,66,94,1983,51,1973
07-13,86,66,95,1995,53,1976
07-14,86,66,104,1954,47,1950
07-15,86,66,100,1988,52,1960
07-16,86,66,100,1988,52,1967
07-17,86,66,98,2012,53,1989
07-18,86,66,96,2012,53,1976
07-19,86,66,97,1957,50,1979
07-20,86,66,98,1957,51,1965
07-21,86,66,97,2011,48,1970
07-22,85,66,98,1952,50,1966
07-23,85,66,97,1952,51,1981
07-24,85,66,97,1965,53,1985
07-25,85,65,97,2005,55,2014
07-26,85,65,97,1952,53,1962
07-27,85,65,100,1955,45,1962
07-28,85,65,100,1952,50,1962
07-29,85,65,97,1953,51,1968
07-30,85,65,98,1999,49,1981
07-31,85,65,100,1999,54,1966
08-01,85,65,97,1955,48,1952
08-02,85,65,99,1991,50,1976
08-03,85,65,100,1955,45,1965
08-04,85,65,99,1955,49,1950
08-05,85,65,96,1956,46,1951
08-06,85,65,97,1955,48,1948
08-07,85,65,94,2007,51,1994
08-08,85,65,96,2012,46,1989
08-09,85,65,97,2007,51,1989
08-10,85,65,94,1949,45,1972
08-11,85,65,94,1949,48,1967
08-12,85,64,96,2005,45,1967
08-13,84,64,97,2005,48,1967
08-14,84,64,96,1959,45,1964
08-15,84,64,93,1995,43,1964
08-16,84,64,95,1995,46,1979
08-17,84,64,97,1988,48,1981
08-18,84,64,94,2019,48,1962
08-19,84,64,99,1955,49,1977
08-20,84,64,101,1983,50,1977
08-21,84,64,98,1955,44,1950
08-22,84,63,95,1983,46,1982
08-23,84,63,95,2007,46,1952
08-24,84,63,96,2007,47,1971
08-25,83,63,99,1959,48,1977
08-26,83,63,98,1948,48,1958
08-27,83,62,100,1948,46,1968
08-28,83,62,97,2024,45,1986
08-29,83,62,98,1953,39,1965
08-30,83,62,100,1953,45,1976
08-31,82,62,98,1953,47,1967
09-01,82,61,99,1953,42,1967
09-02,82,61,100,1953,43,1967
09-03,82,61,99,1953,46,1967
09-04,82,61,96,1953,44,1997
09-05,81,60,99,1954,45,1950
09-06,81,60,99,1954,40,1984
09-07,81,60,94,2002,40,1988
09-08,80,59,96,1959,39,1951
09-09,80,59,94,2002,43,1986
09-10,80,59,96,1983,44,1972
09-11,80,58,93,2019,40,1993
09-12,79,58,93,2019,44,1985
09-13,79,58,93,2019,38,1964
09-14,79,57,96,1998,38,1975
09-15,78,57,92,1991,42,1964
09-16,78,56,94,1955,41,1984
09-17,78,56,94,1955,37,1959
09-18,77,56,95,1955,34,1959
09-19,77,55,94,1955,42,2020
09-20,76,55,92,1978,37,1956
09-21,76,54,93,2024,31,1962
09-22,76,54,92,2024,37,1995
09-23,75,54,93,2010,33,1995
09-24,75,53,92,2010,35,1983
09-25,74,53,91,2017,33,1967
09-26,74,52,92,2017,35,1950
09-27,74,52,92,2017,36,1991
09-28,73,52,92,1959,37,1984
09-29,73,51,96,1953,32,1961
09-30,72,51,92,2019,31,1963
10-01,72,50,94,2019,35,2009
10-02,72,50,94,2019,32,1974
10-03,71,50,93,2019,32,2003
10-04,71,49,89,1959,29,1987
10-05,70,49,90,1951,31,1968
10-06,70,48,89,2007,30,1980
10-07,69,48,91,2007,29,1952
10-08,69,48,90,2007,30,1952
10-09,68,47,86,2018,29,1989
10-10,68,47,87,2010,31,1964
10-11,68,46,85,2010,24,1964
10-12,67,46,82,2008,27,1964
10-13,67,46,85,1969,28,1988
10-14,66,45,86,2021,28,1988
10-15,66,45,84,1956,31,2006
10-16,66,45,83,1956,31,1970
10-17,65,44,83,1968,26,1977
10-18,65,44,83,2016,25,1976
10-19,64,44,85,1953,27,1992
10-20,64,43,84,1953,24,1972
10-21,63,43,83,1953,17,1952
10-22,63,43,82,1979,24,1952
10-23,62,42,78,2024,23,1969
10-24,62,42,82,1963,21,1981
10-25,62,42,81,1963,23,1960
10-26,61,41,83,1963,23,1962
10-27,61,41,81,1963,20,1962
10-28,60,41,77,1989,21,1976
10-29,60,40,79,2024,24,1967
10-30,59,40,79,2009,25,1963
10-31,59,40,83,1950,25,1988
11-01,58,39,80,2016,24,1949
11-02,58,39,79,2016,25,1954
11-03,58,39,80,1987,20,1991
11-04,57,38,78,1987,18,1991
11-05,57,38,79,2024,14,1991
11-06,56,38,77,1975,20,1953
11-07,56,37,72,2020,20,1971
11-08,56,37,78,2020,13,1971
11-09,55,37,76,2020,17,1995
11-10,55,36,78,2020,19,1957
11-11,54,36,71,1964,20,1957
11-12,54,36,75,1949,15,2019
11-13,53,36,74,1955,11,2019
11-14,53,35,71,2011,12,1986
11-15,52,35,71,1971,18,2014
11-16,52,35,72,1953,15,1967
11-17,52,34,76,1958,13,1959
11-18,51,34,75,2016,12,2014
11-19,51,34,73,1985,13,2014
11-20,50,34,72,1953,13,1951
11-21,50,33,70,1979,14,2014
11-22,50,33,71,2010,11,1964
11-23,49,33,71,1999,12,1971
11-24,49,33,67,2001,8,1950
11-25,48,32,66,2006,5,1950
11-26,48,32,69,1990,7,1950
11-27,48,32,75,1990,15,1977
11-28,47,32,71,2005,9,1955
11-29,47,31,68,1991,6,1976
11-30,46,31,69,1998,-4,1958
12-01,46,31,67,1970,7,1964
12-02,46,31,72,1982,3,1976
12-03,45,30,76,1982,-0,1966
12-04,45,30,68,1982,3,1966
12-05,45,30,70,2001,8,1976
12-06,44,30,73,1998,3,1977
12-07,44,29,69,1998,2,1958
12-08,44,29,69,1966,11,1977
12-09,43,29,66,1952,-1,1958
12-10,43,29,72,1971,-8,1958
12-11,43,28,66,2007,-8,1958
12-12,42,28,68,2015,-2,1962
12-13,42,28,64,2015,-7,1960
12-14,42,28,65,2015,4,2025
12-15,42,28,64,1971,-4,1958
12-16,41,27,64,1984,-14,1951
12-17,41,27,67,1984,-12,1989
12-18,41,27,63,1967,-7,1989
12-19,40,27,58,2008,-3,1963
12-20,40,26,60,1978,-10,1963
12-21,40,26,69,2013,-10,1989
12-22,40,26,68,2013,-17,1989
12-23,40,26,65,2015,-14,1989
12-24,39,26,65,1964,-12,1983
12-25,39,25,63,1982,-12,1983
12-26,39,25,69,2016,-5,1983
12-27,39,25,68,2008,-14,1950
12-28,39,25,68,2025,-10,1950
12-29,38,24,64,1984,-1,1961
12-30,38,24,65,2022,-3,1983
12-31,38,24,68,1951,-5,1976
