date,normal_high,normal_low,record_high,record_low
2026-01-01,38,24,67,-6
2026-01-02,38,24,64,-4
2026-01-03,38,24,64,-3
2026-01-04,38,23,67,-1
2026-01-05,37,23,65,-6
2026-01-06,37,23,60,-7
2026-01-07,37,23,68,-7
2026-01-08,37,23,68,-9
2026-01-09,37,22,65,-5
2026-01-10,37,22,59,-11
2026-01-11,37,22,71,-6
2026-01-12,37,22,67,-8
2026-01-13,37,22,69,-14
2026-01-14,37,22,66,-14
2026-01-15,37,22,63,-9
2026-01-16,37,22,60,-13
2026-01-17,37,22,64,-19
2026-01-18,37,21,68,-17
2026-01-19,37,21,64,-22
2026-01-20,37,21,62,-19
2026-01-21,37,21,63,-16
2026-01-22,37,21,70,-7
2026-01-23,37,21,68,-14
2026-01-24,37,21,66,-15
2026-01-25,37,21,74,-13
2026-01-26,37,21,70,-9
2026-01-27,37,21,65,-6
2026-01-28,37,21,65,-15
2026-01-29,37,21,67,-13
2026-01-30,38,22,65,-5
2026-01-31,38,22,66,-9
2026-02-01,38,22,66,-3
2026-02-02,38,22,61,-13
2026-02-03,38,22,65,-10
2026-02-04,38,22,61,-9
2026-02-05,38,22,64,-5
2026-02-06,39,22,62,-11
2026-02-07,39,22,62,-2
2026-02-08,39,23,64,-13
2026-02-09,39,23,72,-10
2026-02-10,40,23,63,-7
2026-02-11,40,23,74,-2
2026-02-12,40,24,69,-3
2026-02-13,40,24,66,-5
2026-02-14,40,24,67,2
2026-02-15,41,24,72,-4
2026-02-16,41,24,66,-2
2026-02-17,41,25,65,-7
2026-02-18,42,25,66,-2
2026-02-19,42,25,69,-3
2026-02-20,42,25,77,-8
2026-02-21,42,26,71,-2
2026-02-22,43,26,67,-8
2026-02-23,43,26,73,-3
2026-02-24,43,26,78,-11
2026-02-25,44,27,74,-1
2026-02-26,44,27,75,-10
2026-02-27,44,27,71,-11
2026-02-28,45,27,66,0
2026-03-01,45,28,75,-2
2026-03-02,45,28,73,-0
2026-03-03,46,28,75,1
2026-03-04,46,28,78,7
2026-03-05,46,29,78,1
2026-03-06,47,29,76,4
2026-03-07,47,29,77,4
2026-03-08,48,30,80,-2
2026-03-09,48,30,77,-6
2026-03-10,48,30,79,2
2026-03-11,49,30,76,8
2026-03-12,49,31,75,1
2026-03-13,50,31,78,5
2026-03-14,50,31,79,8
2026-03-15,50,32,79,4
2026-03-16,51,32,74,15
2026-03-17,51,32,75,9
2026-03-18,52,32,75,11
2026-03-19,52,33,78,15
2026-03-20,53,33,84,15
2026-03-21,53,33,85,12
2026-03-22,54,34,86,14
2026-03-23,54,34,77,20
2026-03-24,54,34,76,11
2026-03-25,55,35,78,5
2026-03-26,55,35,79,13
2026-03-27,56,35,81,15
2026-03-28,56,36,79,15
2026-03-29,57,36,82,18
2026-03-30,57,36,82,20
2026-03-31,58,37,83,16
2026-04-01,58,37,81,18
2026-04-02,58,37,84,21
2026-04-03,59,38,80,19
2026-04-04,59,38,82,24
2026-04-05,60,38,82,18
2026-04-06,60,39,84,21
2026-04-07,61,39,83,14
2026-04-08,61,40,83,19
2026-04-09,62,40,83,18
2026-04-10,62,40,84,20
2026-04-11,62,41,83,25
2026-04-12,63,41,83,21
2026-04-13,63,41,83,22
2026-04-14,64,42,84,20
2026-04-15,64,42,84,24
2026-04-16,64,42,85,22
2026-04-17,65,43,83,25
2026-04-18,65,43,86,22
2026-04-19,66,44,85,21
2026-04-20,66,44,84,27
2026-04-21,66,44,86,22
2026-04-22,67,45,87,27
2026-04-23,67,45,88,23
2026-04-24,68,45,88,28
2026-04-25,68,46,88,29
2026-04-26,68,46,89,26
2026-04-27,68,46,88,28
2026-04-28,69,47,84,28
2026-04-29,69,47,84,28
2026-04-30,70,47,87,30
2026-05-01,70,48,87,30
2026-05-02,70,48,88,30
2026-05-03,70,48,89,30
2026-05-04,71,49,89,31
2026-05-05,71,49,92,32
2026-05-06,71,49,91,29
2026-05-07,72,50,88,31
2026-05-08,72,50,88,31
2026-05-09,72,50,90,30
2026-05-10,72,50,89,25
2026-05-11,73,51,88,33
2026-05-12,73,51,88,31
2026-05-13,73,52,88,34
2026-05-14,74,52,91,34
2026-05-15,74,52,92,36
2026-05-16,74,52,90,32
2026-05-17,74,53,91,35
2026-05-18,75,53,93,34
2026-05-19,75,53,92,34
2026-05-20,75,54,91,37
2026-05-21,76,54,90,35
2026-05-22,76,54,89,33
2026-05-23,76,55,89,34
2026-05-24,76,55,90,36
2026-05-25,77,55,93,38
2026-05-26,77,56,91,37
2026-05-27,77,56,93,34
2026-05-28,78,56,93,36
2026-05-29,78,56,92,38
2026-05-30,78,57,93,36
2026-05-31,78,57,93,38
2026-06-01,79,58,92,42
2026-06-02,79,58,95,39
2026-06-03,79,58,94,42
2026-06-04,79,58,93,41
2026-06-05,80,59,92,39
2026-06-06,80,59,94,43
2026-06-07,80,59,92,39
2026-06-08,80,60,94,40
2026-06-09,81,60,95,45
2026-06-10,81,60,96,41
2026-06-11,81,61,95,35
2026-06-12,82,61,94,43
2026-06-13,82,61,95,47
2026-06-14,82,62,94,44
2026-06-15,82,62,94,47
2026-06-16,83,62,96,43
2026-06-17,83,62,97,44
2026-06-18,83,62,98,47
2026-06-19,83,63,98,47
2026-06-20,83,63,97,47
2026-06-21,84,63,98,46
2026-06-22,84,63,97,41
2026-06-23,84,64,96,48
2026-06-24,84,64,95,46
2026-06-25,84,64,101,43
2026-06-26,84,64,100,48
2026-06-27,85,64,96,45
2026-06-28,85,64,100,48
2026-06-29,85,65,99,52
2026-06-30,85,65,98,47
2026-07-01,85,65,98,44
2026-07-02,85,65,97,48
2026-07-03,85,65,97,52
2026-07-04,85,65,100,47
2026-07-05,85,65,98,49
2026-07-06,85,65,101,43
2026-07-07,86,65,101,48
2026-07-08,86,65,100,49
2026-07-09,86,66,100,49
2026-07-10,86,66,94,45
2026-07-11,86,66,94,50
2026-07-12,86,66,94,51
2026-07-13,86,66,95,53
2026-07-14,86,66,104,47
2026-07-15,86,66,100,52
2026-07-16,86,66,100,52
2026-07-17,86,66,98,53
2026-07-18,86,66,96,53
2026-07-19,86,66,97,50
2026-07-20,86,66,98,51
2026-07-21,86,66,97,48
2026-07-22,85,66,98,50
2026-07-23,85,66,97,51
2026-07-24,85,66,97,53
2026-07-25,85,65,97,55
2026-07-26,85,65,97,53
2026-07-27,85,65,100,45
2026-07-28,85,65,100,50
2026-07-29,85,65,97,51
2026-07-30,85,65,98,49
2026-07-31,85,65,100,54
2026-08-01,85,65,97,48
2026-08-02,85,65,99,50
2026-08-03,85,65,100,45
2026-08-04,85,65,99,49
2026-08-05,85,65,96,46
2026-08-06,85,65,97,48
2026-08-07,85,65,94,51
2026-08-08,85,65,96,46
2026-08-09,85,65,97,51
2026-08-10,85,65,94,45
2026-08-11,85,65,94,48
2026-08-12,85,64,96,45
2026-08-13,84,64,97,48
2026-08-14,84,64,96,45
2026-08-15,84,64,93,43
2026-08-16,84,64,95,46
2026-08-17,84,64,97,48
2026-08-18,84,64,94,48
2026-08-19,84,64,99,49
2026-08-20,84,64,101,50
2026-08-21,84,64,98,44
2026-08-22,84,63,95,46
2026-08-23,84,63,95,46
2026-08-24,84,63,96,47
2026-08-25,83,63,99,48
2026-08-26,83,63,98,48
2026-08-27,83,62,100,46
2026-08-28,83,62,97,45
2026-08-29,83,62,98,39
2026-08-30,83,62,100,45
2026-08-31,82,62,98,47
2026-09-01,82,61,99,42
2026-09-02,82,61,100,43
2026-09-03,82,61,99,46
2026-09-04,82,61,96,44
2026-09-05,81,60,99,45
2026-09-06,81,60,99,40
2026-09-07,81,60,94,40
2026-09-08,80,59,96,39
2026-09-09,80,59,94,43
2026-09-10,80,59,96,44
2026-09-11,80,58,93,40
2026-09-12,79,58,93,44
2026-09-13,79,58,93,38
2026-09-14,79,57,96,38
2026-09-15,78,57,92,42
2026-09-16,78,56,94,41
2026-09-17,78,56,94,37
2026-09-18,77,56,95,34
2026-09-19,77,55,94,42
2026-09-20,76,55,92,37
2026-09-21,76,54,93,31
2026-09-22,76,54,92,37
2026-09-23,75,54,93,33
2026-09-24,75,53,92,35
2026-09-25,74,53,91,33
2026-09-26,74,52,92,35
2026-09-27,74,52,92,36
2026-09-28,73,52,92,37
2026-09-29,73,51,96,32
2026-09-30,72,51,92,31
2026-10-01,72,50,94,35
2026-10-02,72,50,94,32
2026-10-03,71,50,93,32
2026-10-04,71,49,89,29
2026-10-05,70,49,90,31
2026-10-06,70,48,89,30
2026-10-07,69,48,91,29
2026-10-08,69,48,90,30
2026-10-09,68,47,86,29
2026-10-10,68,47,87,31
2026-10-11,68,46,85,24
2026-10-12,67,46,82,27
2026-10-13,67,46,85,28
2026-10-14,66,45,86,28
2026-10-15,66,45,84,31
2026-10-16,66,45,83,31
2026-10-17,65,44,83,26
2026-10-18,65,44,83,25
2026-10-19,64,44,85,27
2026-10-20,64,43,84,24
2026-10-21,63,43,83,17
2026-10-22,63,43,82,24
2026-10-23,62,42,78,23
2026-10-24,62,42,82,21
2026-10-25,62,42,81,23
2026-10-26,61,41,83,23
2026-10-27,61,41,81,20
2026-10-28,60,41,77,21
2026-10-29,60,40,79,24
2026-10-30,59,40,79,25
2026-10-31,59,40,83,25
2026-11-01,58,39,80,24
2026-11-02,58,39,79,25
2026-11-03,58,39,80,20
2026-11-04,57,38,78,18
2026-11-05,57,38,79,14
2026-11-06,56,38,77,20
2026-11-07,56,37,72,20
2026-11-08,56,37,78,13
2026-11-09,55,37,76,17
2026-11-10,55,36,78,19
2026-11-11,54,36,71,20
2026-11-12,54,36,75,15
2026-11-13,53,36,74,11
2026-11-14,53,35,71,12
2026-11-15,52,35,71,18
2026-11-16,52,35,72,15
2026-11-17,52,34,76,13
2026-11-18,51,34,75,12
2026-11-19,51,34,73,13
2026-11-20,50,34,72,13
2026-11-21,50,33,70,14
2026-11-22,50,33,71,11
2026-11-23,49,33,71,12
2026-11-24,49,33,67,8
2026-11-25,48,32,66,5
2026-11-26,48,32,69,7
2026-11-27,48,32,75,15
2026-11-28,47,32,71,9
2026-11-29,47,31,68,6
2026-11-30,46,31,69,-4
2026-12-01,46,31,67,7
2026-12-02,46,31,72,3
2026-12-03,45,30,76,-0
2026-12-04,45,30,68,3
2026-12-05,45,30,70,8
2026-12-06,44,30,73,3
2026-12-07,44,29,69,2
2026-12-08,44,29,69,11
2026-12-09,43,29,66,-1
2026-12-10,43,29,72,-8
2026-12-11,43,28,66,-8
2026-12-12,42,28,68,-2
2026-12-13,42,28,64,-7
2026-12-14,42,28,65,4
2026-12-15,42,28,64,-4
2026-12-16,41,27,64,-14
2026-12-17,41,27,67,-12
2026-12-18,41,27,63,-7
2026-12-19,40,27,58,-3
2026-12-20,40,26,60,-10
2026-12-21,40,26,69,-10
2026-12-22,40,26,68,-17
2026-12-23,40,26,65,-14
2026-12-24,39,26,65,-12
2026-12-25,39,25,63,-12
2026-12-26,39,25,69,-5
2026-12-27,39,25,68,-14
2026-12-28,39,25,68,-10
2026-12-29,38,24,64,-1
2026-12-30,38,24,65,-3
2026-12-31,38,24,68,-5
